step,Hierarchy_GroupB,Solidarity_GroupB
0,9.7645,9.8855
1,9.73275,9.795499999999999
2,9.75675,9.829749999999999
3,9.746749999999999,9.895249999999999
4,9.694999999999999,9.950999999999999
5,9.76625,10.014499999999998
6,9.739749999999999,10.062499999999998
7,9.727749999999999,10.036249999999997
8,9.752249999999998,10.061499999999999
9,9.772749999999998,10.155999999999999
10,9.780999999999999,10.179999999999998
11,9.8265,10.204499999999998
12,9.8195,10.264499999999998
13,9.832749999999997,10.248249999999999
14,9.832749999999999,10.306499999999998
15,9.846999999999998,10.368749999999995
16,9.866749999999998,10.380249999999997
17,9.816249999999998,10.44225
18,9.819999999999999,10.517249999999997
19,9.819499999999998,10.555249999999996
20,9.840999999999998,10.642499999999995
21,9.829999999999998,10.673499999999997
22,9.819749999999999,10.716249999999995
23,9.821499999999999,10.803999999999995
24,9.844,10.783499999999995
25,9.873749999999998,10.918499999999995
26,9.835249999999998,10.974999999999996
27,9.897499999999997,10.999749999999997
28,9.8705,11.028999999999995
29,9.886,11.051249999999996
30,9.890499999999998,11.067999999999993
31,9.938749999999997,11.155749999999994
32,9.952999999999998,11.170249999999992
33,9.9185,11.205249999999994
34,9.916999999999998,11.243499999999994
35,9.937499999999998,11.246499999999992
36,9.960749999999997,11.287999999999993
37,9.939749999999998,11.348749999999994
38,9.955749999999998,11.378999999999992
39,10.012999999999998,11.407249999999992
40,10.046249999999997,11.423749999999993
41,10.05675,11.437749999999992
42,10.027249999999999,11.43549999999999
43,10.041249999999998,11.503249999999994
44,10.013499999999999,11.543249999999993
45,9.995999999999999,11.554749999999991
46,10.015749999999999,11.621249999999993
47,10.028499999999998,11.671999999999992
48,10.049749999999998,11.65849999999999
49,10.054499999999997,11.683249999999994
50,10.067499999999997,11.749999999999991
51,10.057249999999998,11.704249999999993
52,10.100749999999998,11.747999999999992
53,10.111749999999997,11.74349999999999
54,10.103249999999997,11.91099999999999
55,10.059249999999997,11.930749999999994
56,10.066999999999997,11.980749999999992
57,10.095249999999997,11.941999999999991
58,10.091749999999996,11.992749999999992
59,10.141249999999998,12.017749999999989
60,10.158749999999998,12.089999999999991
61,10.151749999999998,12.094249999999988
62,10.161999999999997,12.131999999999989
63,10.154749999999996,12.16124999999999
64,10.119499999999997,12.187499999999991
65,10.171499999999996,12.19624999999999
66,10.167249999999997,12.19999999999999
67,10.171249999999997,12.204999999999991
68,10.127999999999997,12.256999999999989
69,10.136999999999999,12.23724999999999
70,10.135749999999996,12.292749999999991
71,10.141499999999997,12.325499999999991
72,10.149999999999999,12.34324999999999
73,10.157499999999997,12.36999999999999
74,10.197999999999997,12.42824999999999
75,10.201749999999999,12.49849999999999
76,10.190749999999996,12.536499999999991
77,10.175499999999996,12.56224999999999
78,10.172249999999996,12.575499999999991
79,10.193999999999996,12.540749999999992
80,10.232749999999996,12.651749999999987
81,10.232999999999997,12.733749999999992
82,10.249499999999998,12.77624999999999
83,10.272499999999996,12.786999999999988
84,10.281499999999996,12.755749999999992
85,10.334999999999997,12.74499999999999
86,10.350249999999996,12.69574999999999
87,10.344999999999995,12.72349999999999
88,10.293749999999996,12.767749999999992
89,10.319249999999997,12.76599999999999
90,10.344749999999998,12.794249999999991
91,10.369999999999996,12.823999999999991
92,10.352999999999998,12.840499999999993
93,10.333249999999996,12.872499999999992
94,10.314249999999998,12.918999999999992
95,10.368499999999994,12.980499999999992
96,10.373249999999995,12.94824999999999
97,10.378749999999995,12.94449999999999
98,10.436749999999995,12.98524999999999
99,10.462499999999995,12.951999999999991
100,10.507499999999995,12.905749999999989
101,10.467499999999996,12.879749999999992
102,10.458999999999996,13.022749999999991
103,10.453749999999996,13.036999999999992
104,10.507999999999996,13.09824999999999
105,10.525999999999994,13.168999999999992
106,10.483249999999993,13.171499999999991
107,10.498999999999997,13.202499999999992
108,10.503499999999995,13.23974999999999
109,10.499249999999993,13.222499999999991
110,10.495249999999997,13.24124999999999
111,10.531249999999995,13.287749999999992
112,10.513999999999996,13.312249999999992
113,10.496999999999996,13.357499999999991
114,10.497749999999996,13.359499999999992
115,10.517249999999995,13.364499999999994
116,10.519999999999996,13.433999999999992
117,10.494499999999993,13.44374999999999
118,10.520749999999994,13.438749999999992
119,10.476999999999993,13.503999999999992
120,10.464999999999996,13.540499999999993
121,10.504499999999993,13.571499999999991
122,10.501999999999994,13.620749999999994
123,10.537249999999995,13.634249999999993
124,10.552499999999995,13.613999999999992
125,10.587249999999994,13.642499999999991
126,10.567749999999995,13.672249999999993
127,10.600249999999994,13.719499999999993
128,10.578249999999993,13.700499999999993
129,10.552499999999993,13.747999999999992
130,10.533499999999995,13.809249999999993
131,10.529999999999994,13.790499999999993
132,10.559249999999993,13.828999999999992
133,10.519999999999992,13.841499999999991
134,10.550749999999994,13.907999999999992
135,10.572749999999994,13.919249999999993
136,10.581999999999994,13.970499999999992
137,10.62374999999999,14.001749999999992
138,10.626999999999994,13.970749999999994
139,10.61749999999999,14.039999999999994
140,10.615499999999992,13.979749999999994
141,10.577499999999992,13.990999999999994
142,10.578249999999993,14.086999999999994
143,10.614749999999992,14.135749999999994
144,10.574249999999992,14.127749999999992
145,10.57124999999999,14.164999999999994
146,10.582249999999993,14.146249999999995
147,10.529749999999993,14.251249999999995
148,10.593999999999992,14.254749999999994
149,10.568999999999992,14.302749999999994
150,10.58049999999999,14.365749999999993
151,10.611499999999992,14.356249999999996
152,10.61249999999999,14.378499999999995
153,10.646749999999992,14.397999999999993
154,10.658249999999992,14.403749999999995
155,10.637749999999992,14.454749999999995
156,10.646749999999992,14.412499999999996
157,10.641499999999992,14.465999999999994
158,10.61224999999999,14.455249999999996
159,10.635499999999993,14.513249999999994
160,10.623249999999992,14.535499999999992
161,10.636499999999991,14.541249999999996
162,10.65724999999999,14.640499999999998
163,10.69199999999999,14.663249999999994
164,10.714999999999991,14.661749999999994
165,10.68449999999999,14.618999999999996
166,10.66499999999999,14.647749999999997
167,10.666499999999992,14.707999999999997
168,10.649249999999988,14.775749999999993
169,10.624249999999991,14.815249999999994
170,10.655499999999991,14.805749999999996
171,10.68574999999999,14.832499999999996
172,10.685499999999989,14.820749999999997
173,10.649499999999989,14.859749999999996
174,10.64749999999999,14.899749999999994
175,10.653749999999988,14.789749999999996
176,10.66424999999999,14.829999999999995
177,10.670249999999989,14.843749999999998
178,10.640499999999989,14.827749999999996
179,10.661249999999988,14.849249999999998
180,10.655499999999988,14.964999999999996
181,10.70474999999999,14.920749999999998
182,10.717999999999988,14.959499999999998
183,10.682999999999987,15.035499999999997
184,10.699249999999989,15.015749999999999
185,10.673999999999987,15.0735
186,10.704249999999988,15.125749999999998
187,10.718999999999987,15.161249999999995
188,10.739249999999988,15.267249999999997
189,10.725499999999988,15.239749999999999
190,10.755249999999988,15.275499999999997
191,10.762499999999987,15.3055
192,10.758499999999986,15.327749999999998
193,10.761999999999986,15.301999999999998
194,10.801749999999988,15.381999999999998
195,10.806249999999986,15.365499999999997
196,10.83449999999999,15.411249999999997
197,10.843999999999987,15.392249999999999
198,10.829999999999986,15.390999999999998
199,10.848249999999986,15.425999999999998
200,10.818749999999987,15.488499999999998
201,10.847249999999988,15.424499999999998
202,10.917249999999985,15.437249999999999
203,10.885499999999986,15.50125
204,10.896249999999986,15.561499999999999
205,10.925249999999988,15.57725
206,10.931499999999987,15.563249999999998
207,10.927749999999987,15.631499999999999
208,10.925749999999985,15.645999999999999
209,10.904749999999986,15.647749999999998
210,10.884249999999984,15.63675
211,10.919999999999986,15.6955
212,10.934249999999986,15.69875
213,10.911999999999985,15.6775
214,10.945499999999987,15.690749999999998
215,10.970249999999982,15.775749999999999
216,10.934249999999984,15.781749999999999
217,10.967749999999985,15.788499999999999
218,10.984749999999986,15.83625
219,11.003499999999983,15.920499999999997
220,10.963249999999984,15.972249999999999
221,10.975999999999985,16.0135
222,11.014499999999984,16.09525
223,11.000499999999983,16.0695
224,11.023499999999986,16.098
225,11.015499999999983,16.0795
226,10.983249999999984,16.09475
227,10.969499999999984,16.2025
228,10.996249999999984,16.15675
229,11.025249999999982,16.2095
230,11.035499999999981,16.2035
231,11.015249999999982,16.297
232,11.056499999999982,16.30925
233,11.038999999999982,16.377750000000002
234,11.042999999999983,16.39475
235,11.040999999999983,16.46725
236,11.033999999999983,16.48525
237,11.025249999999982,16.4775
238,11.040749999999985,16.45075
239,11.038999999999982,16.5135
240,11.053749999999981,16.54525
241,11.051499999999981,16.58475
242,11.063999999999982,16.631500000000003
243,11.116499999999983,16.665499999999998
244,11.100999999999983,16.71325
245,11.128749999999982,16.78625
246,11.141249999999982,16.79025
247,11.136749999999981,16.756500000000003
248,11.10974999999998,16.800500000000003
249,11.096499999999981,16.746750000000002
250,11.10224999999998,16.819000000000003
251,11.131749999999979,16.7775
252,11.097499999999982,16.800749999999997
253,11.134249999999982,16.81275
254,11.092999999999982,16.9615
255,11.115249999999982,17.01375
256,11.132499999999983,16.97075
257,11.10449999999998,16.98975
258,11.145499999999979,17.00375
259,11.17199999999998,16.9775
260,11.15874999999998,17.054000000000002
261,11.15799999999998,17.0165
262,11.200249999999981,17.0715
263,11.16524999999998,17.10775
264,11.23074999999998,17.122249999999998
265,11.18924999999998,17.098
266,11.213499999999978,17.104
267,11.233999999999979,17.1325
268,11.24199999999998,17.206
269,11.23324999999998,17.1375
270,11.24874999999998,17.215
271,11.268499999999978,17.20375
272,11.21124999999998,17.175749999999997
273,11.23974999999998,17.2255
274,11.238249999999978,17.271
275,11.24449999999998,17.326999999999998
276,11.267749999999978,17.4065
277,11.331749999999978,17.44525
278,11.295249999999978,17.424249999999997
279,11.329249999999979,17.4655
280,11.316499999999978,17.49575
281,11.318499999999977,17.5565
282,11.322499999999977,17.572499999999998
283,11.339999999999977,17.5175
284,11.364499999999975,17.486
285,11.376499999999979,17.54875
286,11.375999999999976,17.5975
287,11.393999999999975,17.63075
288,11.423499999999976,17.6265
289,11.427499999999977,17.759249999999998
290,11.392749999999976,17.765249999999995
291,11.435749999999976,17.78475
292,11.463999999999976,17.879749999999998
293,11.417249999999976,17.897
294,11.465249999999976,17.875249999999998
295,11.500999999999976,17.8635
296,11.494499999999977,17.93175
297,11.497249999999976,17.886999999999997
298,11.516999999999975,18.001749999999998
299,11.496999999999975,18.04375
300,11.511499999999977,18.066249999999997
301,11.502999999999975,18.107999999999997
302,11.526249999999974,18.1805
303,11.482499999999975,18.190249999999995
304,11.510999999999976,18.246249999999996
305,11.538999999999973,18.173499999999997
306,11.556499999999977,18.17225
307,11.548499999999974,18.194999999999997
308,11.587499999999975,18.232249999999993
309,11.625249999999973,18.21925
310,11.628249999999975,18.235
311,11.622749999999973,18.236499999999996
312,11.629749999999976,18.270999999999994
313,11.632999999999974,18.302749999999996
314,11.682749999999974,18.338749999999994
315,11.668749999999974,18.368749999999995
316,11.655749999999973,18.421249999999997
317,11.630249999999974,18.402249999999995
318,11.675249999999973,18.483749999999997
319,11.680749999999975,18.551999999999992
320,11.675499999999975,18.588249999999995
321,11.700499999999975,18.566749999999995
322,11.694499999999973,18.601499999999998
323,11.657499999999972,18.612749999999995
324,11.698249999999971,18.654749999999993
325,11.736999999999973,18.683999999999997
326,11.726499999999973,18.674499999999995
327,11.731999999999973,18.728249999999992
328,11.699999999999973,18.647999999999996
329,11.685499999999973,18.70424999999999
330,11.706249999999972,18.710749999999994
331,11.692499999999972,18.703999999999997
332,11.706749999999973,18.796249999999993
333,11.712749999999971,18.783499999999993
334,11.639749999999971,18.838499999999996
335,11.688999999999973,18.854499999999994
336,11.672999999999972,18.850999999999996
337,11.67499999999997,18.914499999999993
338,11.671499999999972,18.884499999999992
339,11.655249999999974,18.953249999999993
340,11.674999999999972,18.987749999999995
341,11.724999999999971,18.98399999999999
342,11.762249999999971,19.02949999999999
343,11.766999999999971,19.04274999999999
344,11.76199999999997,18.973749999999992
345,11.784749999999972,19.07399999999999
346,11.78699999999997,19.096749999999993
347,11.80074999999997,19.02799999999999
348,11.77774999999997,19.11349999999999
349,11.823249999999971,19.19449999999999
350,11.809499999999971,19.30249999999999
351,11.794999999999968,19.310499999999987
352,11.79474999999997,19.30799999999999
353,11.83049999999997,19.32924999999999
354,11.86574999999997,19.349999999999987
355,11.86899999999997,19.36349999999999
356,11.860749999999971,19.40574999999999
357,11.868249999999971,19.42624999999999
358,11.86274999999997,19.48749999999999
359,11.883749999999969,19.483999999999988
360,11.90399999999997,19.529999999999987
361,11.847499999999968,19.53549999999999
362,11.842749999999969,19.524999999999988
363,11.849749999999966,19.614749999999987
364,11.83149999999997,19.671499999999988
365,11.86524999999997,19.633749999999985
366,11.905999999999967,19.700499999999987
367,11.905249999999969,19.753249999999984
368,11.88674999999997,19.661249999999985
369,11.910749999999968,19.693749999999987
370,11.86449999999997,19.714249999999982
371,11.88674999999997,19.742999999999984
372,11.884499999999967,19.789249999999985
373,11.877249999999968,19.821499999999986
374,11.907749999999966,19.801999999999985
375,11.905999999999967,19.837999999999983
376,11.948999999999966,19.822249999999983
377,11.937499999999968,19.869999999999983
378,11.985249999999969,19.869249999999983
379,11.987499999999969,19.981499999999983
380,12.018249999999966,20.040249999999983
381,11.983749999999965,20.055999999999987
382,12.000499999999965,20.134249999999984
383,12.000749999999966,20.119249999999983
384,12.024499999999966,20.151999999999983
385,12.022999999999968,20.125499999999985
386,11.997249999999967,20.16874999999998
387,12.033749999999966,20.23649999999998
388,12.059249999999965,20.287249999999982
389,12.020749999999966,20.31449999999998
390,12.020999999999965,20.371749999999977
391,12.049249999999965,20.36349999999998
392,12.038249999999966,20.42374999999998
393,12.093999999999964,20.44774999999998
394,12.083999999999964,20.496249999999982
395,12.123249999999967,20.538749999999983
396,12.097999999999963,20.65999999999998
397,12.101999999999965,20.67574999999998
398,12.085999999999963,20.656749999999978
399,12.057249999999962,20.65774999999998
400,12.116749999999966,20.594999999999978
401,12.109749999999963,20.66174999999998
402,12.078499999999963,20.67274999999998
403,12.083249999999964,20.66199999999998
404,12.095999999999965,20.68174999999998
405,12.095749999999963,20.69074999999998
406,12.108749999999963,20.709999999999983
407,12.102749999999965,20.77749999999998
408,12.156249999999964,20.785749999999975
409,12.136749999999964,20.84074999999998
410,12.157499999999963,20.882749999999977
411,12.150999999999962,20.886999999999976
412,12.153249999999963,20.824499999999976
413,12.161249999999963,20.76824999999997
414,12.192749999999963,20.721499999999978
415,12.235249999999965,20.776249999999976
416,12.223499999999962,20.849499999999974
417,12.234999999999964,20.840499999999974
418,12.258499999999962,20.844749999999976
419,12.233999999999963,20.920499999999976
420,12.260249999999962,20.869999999999976
421,12.260999999999962,20.922749999999972
422,12.316749999999962,20.912749999999974
423,12.31149999999996,20.918999999999972
424,12.322499999999964,20.940999999999978
425,12.30649999999996,20.957999999999974
426,12.337749999999962,21.004249999999974
427,12.327499999999963,21.035749999999975
428,12.311999999999962,21.004749999999976
429,12.317749999999963,21.003999999999973
430,12.317749999999963,20.99924999999997
431,12.31349999999996,21.03074999999997
432,12.330749999999961,21.06924999999997
433,12.362749999999965,21.067749999999975
434,12.333499999999963,21.087499999999974
435,12.358749999999961,21.087999999999976
436,12.342499999999962,21.10699999999997
437,12.323249999999963,21.17724999999997
438,12.299249999999962,21.14924999999997
439,12.314999999999962,21.227499999999974
440,12.344999999999962,21.24049999999997
441,12.418749999999962,21.16049999999997
442,12.381749999999961,21.14699999999997
443,12.405499999999961,21.220499999999966
444,12.351249999999963,21.23224999999997
445,12.385249999999962,21.255499999999966
446,12.37124999999996,21.267749999999968
447,12.407749999999963,21.351749999999967
448,12.370749999999962,21.41649999999997
449,12.402249999999963,21.483749999999965
450,12.435999999999963,21.536999999999967
451,12.445999999999962,21.479249999999965
452,12.424999999999963,21.503749999999968
453,12.45024999999996,21.499249999999964
454,12.385249999999962,21.549749999999968
455,12.428499999999962,21.548999999999968
456,12.431499999999962,21.534249999999965
457,12.430749999999962,21.578999999999965
458,12.430749999999962,21.62399999999997
459,12.482749999999962,21.62149999999997
460,12.494499999999961,21.640499999999964
461,12.515749999999962,21.63149999999997
462,12.517749999999964,21.616249999999965
463,12.492999999999961,21.616749999999964
464,12.461499999999962,21.666749999999965
465,12.447499999999964,21.70849999999996
466,12.441499999999964,21.712999999999962
467,12.451499999999964,21.739999999999963
468,12.473249999999961,21.793499999999963
469,12.465499999999963,21.838499999999964
470,12.492999999999965,21.829999999999963
471,12.535499999999963,21.89074999999996
472,12.508749999999964,21.91974999999996
473,12.484999999999964,21.966749999999962
474,12.525999999999964,22.00274999999996
475,12.550499999999964,21.99924999999996
476,12.534499999999962,21.994499999999963
477,12.590749999999964,22.023249999999962
478,12.590499999999963,22.014999999999958
479,12.596249999999964,22.089249999999957
480,12.578499999999963,22.064249999999955
481,12.594999999999963,22.092999999999957
482,12.592249999999964,22.151749999999957
483,12.580999999999962,22.21649999999996
484,12.585999999999965,22.268749999999955
485,12.615749999999966,22.334499999999952
486,12.573499999999965,22.30524999999996
487,12.640749999999967,22.346749999999957
488,12.641499999999965,22.382249999999953
489,12.666999999999966,22.47274999999996
490,12.688499999999967,22.477999999999955
491,12.686999999999966,22.394999999999953
492,12.676999999999966,22.417999999999957
493,12.699749999999968,22.412749999999956
494,12.699749999999968,22.514499999999952
495,12.725499999999968,22.545999999999953
496,12.725249999999969,22.547499999999953
497,12.715999999999967,22.66674999999995
498,12.722249999999967,22.708499999999955
499,12.76799999999997,22.763249999999953
500,12.801249999999968,22.76949999999995
501,12.80924999999997,22.81274999999995
502,12.791249999999968,22.862749999999952
503,12.80849999999997,22.86524999999995
504,12.772499999999969,22.828249999999954
505,12.791499999999969,22.805749999999954
506,12.808999999999969,22.85249999999995
507,12.804499999999969,22.90999999999995
508,12.815249999999969,22.96274999999995
509,12.833499999999969,22.93899999999995
510,12.85199999999997,22.93324999999995
511,12.83999999999997,22.961249999999946
512,12.893249999999972,22.815499999999947
513,12.849749999999972,22.803749999999944
514,12.873749999999971,22.805249999999948
515,12.87149999999997,22.813499999999948
516,12.868499999999973,22.820249999999945
517,12.87799999999997,22.84224999999995
518,12.90049999999997,22.885249999999946
519,12.91174999999997,22.923499999999944
520,12.903249999999971,22.94824999999995
521,12.957999999999972,22.941249999999947
522,12.913249999999971,22.934499999999943
523,12.929249999999973,22.91549999999994
524,12.959749999999971,22.90099999999995
525,12.944999999999972,22.87974999999994
526,12.934749999999973,22.915249999999943
527,12.891999999999971,22.955249999999943
528,12.933749999999973,22.95974999999994
529,12.920499999999974,22.99099999999994
530,12.970999999999973,22.87424999999994
531,12.979249999999974,22.967749999999942
532,12.962249999999974,23.01124999999994
533,12.997249999999976,22.93699999999994
534,12.965249999999974,23.04249999999994
535,13.012249999999977,23.03974999999994
536,13.038749999999975,23.090749999999936
537,13.047999999999975,23.060249999999932
538,13.066249999999973,23.115749999999935
539,13.090249999999976,23.191249999999936
540,13.104999999999977,23.255749999999935
541,13.088499999999977,23.22174999999994
542,13.098999999999975,23.217499999999937
543,13.082749999999976,23.234749999999934
544,13.076499999999976,23.27649999999994
545,13.161749999999977,23.271249999999938
546,13.143749999999978,23.28099999999994
547,13.155249999999977,23.275999999999932
548,13.161999999999978,23.358249999999934
549,13.135499999999979,23.432249999999932
550,13.201499999999978,23.396749999999933
551,13.150749999999977,23.37974999999993
552,13.180249999999978,23.419249999999934
553,13.211749999999979,23.42224999999993
554,13.200249999999977,23.432499999999933
555,13.18249999999998,23.45499999999993
556,13.140499999999976,23.50674999999993
557,13.194749999999978,23.501499999999933
558,13.17174999999998,23.504499999999926
559,13.207999999999979,23.53424999999993
560,13.166249999999977,23.59549999999993
561,13.144749999999979,23.51549999999993
562,13.144749999999979,23.57149999999993
563,13.16574999999998,23.663749999999926
564,13.17424999999998,23.66299999999993
565,13.20099999999998,23.73574999999993
566,13.211249999999977,23.844249999999928
567,13.22949999999998,23.804499999999926
568,13.21324999999998,23.85299999999993
569,13.25899999999998,23.831249999999926
570,13.28324999999998,23.81249999999993
571,13.27424999999998,23.875999999999923
572,13.24124999999998,23.942749999999922
573,13.24299999999998,23.92974999999992
574,13.305499999999979,23.948249999999927
575,13.278999999999982,23.988249999999926
576,13.267499999999982,24.01599999999992
577,13.28899999999998,24.056499999999925
578,13.30824999999998,24.025499999999923
579,13.295999999999982,24.07849999999992
580,13.30349999999998,24.05449999999992
581,13.279249999999982,24.035499999999924
582,13.297749999999983,24.045749999999927
583,13.327249999999982,24.05324999999992
584,13.303749999999981,24.118749999999924
585,13.315499999999984,24.130999999999922
586,13.343749999999982,24.15949999999992
587,13.32224999999998,24.163999999999923
588,13.377749999999981,24.20749999999992
589,13.323749999999983,24.17449999999992
590,13.297999999999984,24.169749999999922
591,13.310249999999982,24.150249999999918
592,13.330749999999982,24.161999999999917
593,13.337999999999983,24.18574999999992
594,13.34974999999998,24.31274999999992
595,13.332749999999983,24.33924999999992
596,13.343749999999984,24.29799999999992
597,13.368499999999983,24.25374999999992
598,13.397499999999981,24.32599999999992
599,13.399749999999983,24.405999999999914
600,13.406999999999984,24.43974999999991
601,13.393249999999984,24.44874999999992
602,13.375249999999985,24.461249999999914
603,13.387749999999983,24.492999999999917
604,13.365249999999982,24.506999999999916
605,13.404999999999983,24.517249999999912
606,13.405249999999983,24.497999999999916
607,13.425499999999984,24.519499999999915
608,13.410499999999983,24.487499999999912
609,13.434999999999986,24.54249999999992
610,13.414499999999984,24.632249999999914
611,13.410999999999985,24.603249999999917
612,13.450999999999986,24.593499999999914
613,13.428499999999985,24.57249999999991
614,13.455749999999984,24.614999999999913
615,13.435249999999987,24.67699999999991
616,13.443249999999985,24.704249999999917
617,13.495249999999988,24.698749999999908
618,13.468999999999987,24.651499999999913
619,13.491249999999987,24.642999999999912
620,13.525749999999984,24.652249999999913
621,13.568749999999987,24.680749999999907
622,13.512999999999986,24.724749999999908
623,13.525499999999989,24.792999999999907
624,13.523499999999986,24.80049999999991
625,13.507999999999987,24.85974999999991
626,13.531499999999987,24.89549999999991
627,13.535249999999987,24.913249999999906
628,13.561249999999987,24.95374999999991
629,13.597749999999987,24.90499999999991
630,13.597499999999986,24.951749999999905
631,13.628249999999987,25.0229999999999
632,13.637249999999986,25.059499999999908
633,13.589499999999987,25.099249999999905
634,13.589249999999987,25.120999999999903
635,13.554999999999989,25.159749999999903
636,13.59224999999999,25.110499999999902
637,13.537249999999988,25.110249999999905
638,13.550749999999988,25.237249999999904
639,13.58824999999999,25.267749999999907
640,13.581499999999988,25.312749999999905
641,13.591749999999989,25.325999999999905
642,13.573749999999988,25.3817499999999
643,13.54349999999999,25.4949999999999
644,13.595499999999989,25.422999999999902
645,13.587999999999989,25.424749999999904
646,13.616999999999988,25.479749999999903
647,13.62949999999999,25.4569999999999
648,13.658249999999988,25.414499999999904
649,13.649999999999988,25.4774999999999
650,13.630499999999989,25.4907499999999
651,13.65024999999999,25.544749999999897
652,13.675749999999988,25.506499999999896
653,13.67199999999999,25.487249999999893
654,13.661749999999989,25.4837499999999
655,13.690249999999992,25.477249999999895
656,13.673749999999991,25.526749999999893
657,13.681749999999992,25.5182499999999
658,13.67349999999999,25.526499999999896
659,13.743499999999992,25.553749999999894
660,13.728249999999989,25.554499999999894
661,13.733749999999992,25.611499999999896
662,13.732499999999991,25.609249999999893
663,13.743749999999991,25.69374999999989
664,13.714249999999993,25.717249999999893
665,13.743749999999991,25.753499999999896
666,13.74799999999999,25.79799999999989
667,13.733999999999991,25.908749999999895
668,13.77624999999999,25.890499999999893
669,13.791499999999992,25.88424999999989
670,13.78999999999999,25.914499999999894
671,13.76099999999999,25.87749999999989
672,13.740499999999988,25.910749999999894
673,13.765249999999991,25.87099999999989
674,13.794999999999991,25.872749999999886
675,13.776999999999992,25.925999999999885
676,13.790499999999993,25.87499999999989
677,13.764499999999991,25.89174999999989
678,13.796249999999993,25.919999999999888
679,13.777999999999993,25.94174999999989
680,13.77224999999999,25.896249999999885
681,13.798499999999992,25.874749999999885
682,13.767999999999994,25.86649999999989
683,13.769499999999994,25.932999999999883
684,13.783249999999992,25.953749999999882
685,13.832749999999992,26.008999999999887
686,13.821749999999993,26.025999999999886
687,13.834999999999994,26.055499999999885
688,13.829499999999994,26.102249999999884
689,13.807499999999996,26.11899999999988
690,13.828499999999993,26.195499999999882
691,13.824999999999996,26.234749999999885
692,13.848499999999994,26.29774999999988
693,13.854749999999994,26.260499999999883
694,13.843499999999995,26.29699999999988
695,13.836249999999996,26.33499999999988
696,13.839999999999996,26.39999999999988
697,13.830749999999997,26.386249999999883
698,13.830499999999995,26.414999999999882
699,13.842249999999995,26.439749999999876
700,13.849249999999994,26.52824999999988
701,13.826749999999993,26.54899999999988
702,13.854249999999995,26.594249999999878
703,13.867249999999995,26.647499999999877
704,13.878499999999997,26.682249999999875
705,13.892999999999995,26.698749999999876
706,13.929999999999996,26.650749999999874
707,13.908499999999997,26.65699999999988
708,13.934249999999995,26.71999999999987
709,13.867249999999995,26.694749999999875
710,13.920249999999996,26.771499999999875
711,13.916499999999996,26.809749999999877
712,13.972249999999997,26.763999999999875
713,13.993499999999997,26.74649999999987
714,13.966999999999995,26.74649999999987
715,13.980249999999996,26.800249999999874
716,13.943749999999998,26.847499999999872
717,13.963249999999995,26.90749999999987
718,14.000749999999998,26.89924999999987
719,13.998749999999996,26.923499999999873
720,14.015499999999998,26.99424999999987
721,14.000249999999996,26.972249999999867
722,14.043999999999997,26.975249999999868
723,14.024499999999998,26.95824999999987
724,14.042499999999997,27.00974999999987
725,13.98275,27.046999999999866
726,14.003999999999996,27.031749999999864
727,13.992999999999997,26.979749999999868
728,14.018249999999998,26.978749999999863
729,14.005249999999998,27.034749999999867
730,14.0435,27.129999999999864
731,14.078749999999998,27.102749999999865
732,14.0545,27.163499999999868
733,14.085999999999999,27.187499999999865
734,14.131499999999999,27.21274999999986
735,14.103249999999997,27.205499999999866
736,14.127249999999998,27.226749999999864
737,14.130249999999998,27.25899999999986
738,14.134500000000001,27.273749999999865
739,14.12,27.26374999999986
740,14.169499999999998,27.32574999999986
741,14.175749999999999,27.376999999999857
742,14.179,27.34649999999986
743,14.214500000000001,27.402999999999857
744,14.21625,27.391999999999857
745,14.242249999999999,27.437999999999857
746,14.2465,27.44599999999986
747,14.2475,27.518499999999854
748,14.25125,27.544749999999855
749,14.280750000000001,27.531499999999856
750,14.263000000000002,27.525499999999855
751,14.26125,27.513999999999854
752,14.23525,27.53024999999985
753,14.2425,27.578499999999853
754,14.249,27.588249999999853
755,14.300250000000004,27.593749999999854
756,14.290750000000003,27.64249999999985
757,14.29125,27.668499999999852
758,14.322000000000003,27.735999999999848
759,14.314000000000004,27.71674999999985
760,14.3565,27.77999999999985
761,14.278250000000003,27.784999999999844
762,14.309750000000003,27.79974999999985
763,14.319250000000002,27.846749999999847
764,14.335,27.88224999999985
765,14.328000000000001,27.938249999999847
766,14.300750000000003,28.00549999999985
767,14.30325,28.032749999999847
768,14.299000000000001,28.066999999999844
769,14.291750000000002,28.038999999999852
770,14.25075,28.070749999999844
771,14.303250000000002,28.053749999999845
772,14.329250000000002,28.121999999999844
773,14.298500000000004,28.194499999999845
774,14.308250000000005,28.20099999999984
775,14.308750000000005,28.171499999999842
776,14.349250000000001,28.190499999999837
777,14.356000000000003,28.200499999999842
778,14.359750000000004,28.28599999999984
779,14.401000000000003,28.33649999999984
780,14.351000000000006,28.37499999999984
781,14.383750000000004,28.37274999999984
782,14.372750000000005,28.374249999999837
783,14.391500000000006,28.428749999999837
784,14.414500000000006,28.506249999999838
785,14.409750000000006,28.527749999999838
786,14.414000000000005,28.479999999999837
787,14.410000000000004,28.528999999999836
788,14.385750000000007,28.511749999999832
789,14.431500000000005,28.521499999999833
790,14.438250000000007,28.496999999999833
791,14.451500000000005,28.531999999999833
792,14.453500000000005,28.58724999999983
793,14.452250000000008,28.609249999999832
794,14.483250000000007,28.61299999999984
795,14.466750000000006,28.605749999999833
796,14.533250000000008,28.662749999999832
797,14.460000000000006,28.647999999999833
798,14.479750000000008,28.70099999999983
799,14.430250000000008,28.64099999999983
800,14.470000000000006,28.749499999999834
801,14.426750000000009,28.75974999999983
802,14.433000000000007,28.772749999999828
803,14.377000000000008,28.86199999999983
804,14.443500000000007,28.82099999999983
805,14.445500000000006,28.90199999999983
806,14.506250000000009,28.81424999999983
807,14.436750000000009,28.78399999999983
808,14.515250000000007,28.82774999999983
809,14.518250000000009,28.76624999999983
810,14.516750000000007,28.80474999999983
811,14.51150000000001,28.86549999999983
812,14.49825000000001,28.88674999999983
813,14.52275000000001,28.893249999999824
814,14.538500000000008,28.89849999999983
815,14.535750000000007,28.90749999999983
816,14.537000000000008,28.888999999999825
817,14.527250000000008,28.976999999999826
818,14.533500000000009,29.059499999999826
819,14.581750000000008,29.020249999999823
820,14.57725000000001,29.068999999999825
821,14.59750000000001,29.117999999999824
822,14.61275000000001,29.088999999999825
823,14.619750000000009,29.121749999999828
824,14.631250000000009,29.174499999999824
825,14.60475000000001,29.277249999999825
826,14.626250000000011,29.31224999999982
827,14.60850000000001,29.296499999999824
828,14.63425000000001,29.272249999999822
829,14.65550000000001,29.302499999999828
830,14.689500000000011,29.281249999999822
831,14.69150000000001,29.25924999999982
832,14.69125000000001,29.278499999999823
833,14.694750000000013,29.336249999999822
834,14.679500000000012,29.366999999999827
835,14.70800000000001,29.37674999999982
836,14.723000000000011,29.38774999999982
837,14.688500000000012,29.47799999999982
838,14.698500000000013,29.47599999999982
839,14.740750000000013,29.43799999999982
840,14.735750000000012,29.443249999999818
841,14.77050000000001,29.42849999999982
842,14.776000000000012,29.485999999999823
843,14.771750000000013,29.559499999999815
844,14.789250000000013,29.55374999999982
845,14.800500000000014,29.533499999999822
846,14.854000000000015,29.53349999999982
847,14.821250000000013,29.599499999999818
848,14.858750000000013,29.605249999999813
849,14.885250000000015,29.64424999999982
850,14.805500000000016,29.60674999999982
851,14.810750000000015,29.620749999999816
852,14.806500000000012,29.639499999999817
853,14.850250000000015,29.693249999999818
854,14.873250000000015,29.725749999999817
855,14.899000000000015,29.76474999999982
856,14.850500000000016,29.79049999999982
857,14.878250000000016,29.857749999999815
858,14.846750000000016,29.899499999999815
859,14.903250000000016,29.944749999999814
860,14.882000000000016,29.970999999999812
861,14.891500000000015,29.980499999999815
862,14.921250000000017,29.944249999999816
863,14.938000000000015,30.052749999999815
864,14.924250000000015,29.961249999999815
865,14.910500000000015,30.002499999999813
866,14.920000000000016,30.013999999999815
867,14.965250000000017,29.918249999999816
868,14.959500000000016,29.97249999999981
869,14.960000000000015,29.903499999999813
870,14.930500000000016,29.895999999999813
871,14.936500000000017,30.02974999999981
872,14.961000000000018,30.063499999999813
873,14.958500000000017,30.05574999999981
874,14.981000000000018,30.095249999999808
875,14.980750000000018,30.13249999999981
876,14.971750000000018,30.17574999999981
877,15.039250000000017,30.13874999999981
878,15.032000000000016,30.18274999999981
879,15.059250000000018,30.180749999999808
880,15.059000000000019,30.22124999999981
881,15.094000000000017,30.20849999999981
882,15.117000000000019,30.288249999999806
883,15.11450000000002,30.334499999999807
884,15.120000000000019,30.30649999999981
885,15.121500000000019,30.332249999999814
886,15.160000000000018,30.31749999999981
887,15.13925000000002,30.373249999999807
888,15.14225000000002,30.44224999999981
889,15.159000000000018,30.49749999999981
890,15.161750000000017,30.476499999999806
891,15.15675000000002,30.524499999999808
892,15.179250000000017,30.526999999999806
893,15.160750000000018,30.484999999999808
894,15.172750000000018,30.59599999999981
895,15.17050000000002,30.667249999999804
896,15.150000000000018,30.649499999999808
897,15.156750000000018,30.711499999999806
898,15.178750000000019,30.763249999999807
899,15.129500000000018,30.768249999999806
900,15.09325000000002,30.765249999999806
901,15.13350000000002,30.824249999999807
902,15.108500000000022,30.849749999999805
903,15.152750000000019,30.840999999999802
904,15.18150000000002,30.832499999999804
905,15.15500000000002,30.873499999999805
906,15.143500000000019,30.928749999999805
907,15.10125000000002,30.885499999999805
908,15.11700000000002,30.941499999999806
909,15.11700000000002,30.994999999999806
910,15.14425000000002,30.979749999999804
911,15.11700000000002,30.999499999999806
912,15.125750000000018,31.028499999999802
913,15.13425000000002,31.028249999999808
914,15.153500000000022,31.090499999999807
915,15.14300000000002,31.123499999999805
916,15.12050000000002,31.148499999999803
917,15.139500000000021,31.1332499999998
918,15.178750000000022,31.143499999999804
919,15.158000000000024,31.136249999999805
920,15.161000000000023,31.098249999999798
921,15.16200000000002,31.0914999999998
922,15.181750000000022,31.1797499999998
923,15.153500000000022,31.2087499999998
924,15.209250000000022,31.283499999999805
925,15.20875000000002,31.247249999999802
926,15.229500000000023,31.2654999999998
927,15.23675000000002,31.255249999999798
928,15.17300000000002,31.336499999999795
929,15.18425000000002,31.3924999999998
930,15.192500000000022,31.4167499999998
931,15.190750000000026,31.4987499999998
932,15.207250000000021,31.450499999999796
933,15.19150000000002,31.476749999999797
934,15.17675000000002,31.4584999999998
935,15.187500000000023,31.425499999999797
936,15.203500000000021,31.4639999999998
937,15.205750000000021,31.4949999999998
938,15.224750000000022,31.4922499999998
939,15.235250000000024,31.469249999999803
940,15.252500000000023,31.481749999999796
941,15.235500000000025,31.512999999999796
942,15.192750000000023,31.571999999999797
943,15.213000000000024,31.5894999999998
944,15.206500000000023,31.661999999999797
945,15.236750000000024,31.634249999999792
946,15.264750000000024,31.725999999999793
947,15.272500000000022,31.737999999999793
948,15.312000000000026,31.7994999999998
949,15.286500000000023,31.848249999999798
950,15.295500000000025,31.8179999999998
951,15.300250000000027,31.851499999999792
952,15.290500000000025,31.882749999999795
953,15.297500000000028,31.9169999999998
954,15.352500000000026,31.880249999999798
955,15.314500000000026,31.972249999999793
956,15.303750000000027,31.970749999999796
957,15.277500000000027,31.991749999999794
958,15.257500000000025,31.99774999999979
959,15.294750000000027,31.9682499999998
960,15.308750000000025,31.970749999999796
961,15.328000000000024,32.08249999999979
962,15.322750000000024,32.058499999999796
963,15.307000000000025,32.059999999999796
964,15.291250000000023,32.09174999999979
965,15.303000000000024,32.11399999999979
966,15.288250000000026,32.23349999999979
967,15.326500000000028,32.26624999999979
968,15.334000000000026,32.25724999999979
969,15.371000000000027,32.20374999999979
970,15.338500000000026,32.25674999999979
971,15.31700000000003,32.345249999999794
972,15.311500000000029,32.34399999999979
973,15.331000000000026,32.34424999999979
974,15.342750000000029,32.39999999999979
975,15.315000000000028,32.41499999999979
976,15.344500000000028,32.3607499999998
977,15.342750000000029,32.40549999999979
978,15.325500000000025,32.44274999999979
979,15.339250000000026,32.50224999999979
980,15.365750000000025,32.572999999999794
981,15.363500000000029,32.58874999999979
982,15.366500000000029,32.63924999999979
983,15.359000000000028,32.63649999999979
984,15.392750000000028,32.703749999999786
985,15.425500000000026,32.728999999999786
986,15.423000000000028,32.70124999999979
987,15.408250000000027,32.673499999999784
988,15.437500000000027,32.746499999999784
989,15.41425000000003,32.76799999999979
990,15.41700000000003,32.832999999999785
991,15.48950000000003,32.81124999999979
992,15.49800000000003,32.77599999999979
993,15.487750000000032,32.74399999999979
994,15.487500000000033,32.75199999999979
995,15.51975000000003,32.82749999999979
996,15.48100000000003,32.85799999999979
997,15.530500000000028,32.89699999999979
998,15.50525000000003,32.88224999999979
999,15.486250000000032,32.831499999999785
1000,15.511000000000031,32.89299999999978
1001,15.460000000000031,32.865499999999784
1002,15.44450000000003,32.88424999999978
1003,15.44900000000003,32.85724999999979
1004,15.48850000000003,32.82799999999978
1005,15.456000000000033,32.90799999999978
1006,15.51825000000003,32.94199999999979
1007,15.511000000000031,33.04174999999978
1008,15.53550000000003,33.05674999999978
1009,15.518750000000033,33.06574999999978
1010,15.51725000000003,33.04949999999978
1011,15.530250000000033,33.05849999999978
1012,15.530000000000031,33.103999999999786
1013,15.527500000000032,33.13724999999979
1014,15.558000000000032,33.15949999999978
1015,15.562500000000032,33.219749999999785
1016,15.58450000000003,33.246499999999784
1017,15.535500000000035,33.292499999999784
1018,15.579250000000034,33.33849999999978
1019,15.611500000000035,33.30824999999979
1020,15.603750000000037,33.408999999999786
1021,15.586500000000033,33.46074999999978
1022,15.600500000000034,33.426499999999784
1023,15.636750000000033,33.42399999999978
1024,15.588500000000035,33.45074999999978
1025,15.567750000000032,33.52199999999978
1026,15.622750000000035,33.58324999999978
1027,15.591500000000037,33.66974999999979
1028,15.637000000000034,33.70074999999978
1029,15.579250000000034,33.725249999999775
1030,15.575750000000033,33.77699999999978
1031,15.567250000000035,33.78774999999978
1032,15.544500000000033,33.79749999999978
1033,15.596500000000034,33.80949999999978
1034,15.596500000000034,33.799999999999784
1035,15.597500000000034,33.87449999999978
1036,15.596000000000036,33.829999999999785
1037,15.554750000000034,33.85999999999978
1038,15.581500000000032,33.89649999999978
1039,15.568500000000034,33.91799999999978
1040,15.556750000000036,33.892249999999784
1041,15.642500000000034,33.949999999999775
1042,15.604250000000034,33.95524999999978
1043,15.642750000000035,33.97699999999978
1044,15.651000000000035,33.98324999999978
1045,15.643500000000035,34.00424999999978
1046,15.708250000000037,34.04024999999978
1047,15.660750000000034,34.01699999999978
1048,15.663500000000035,34.02824999999978
1049,15.656250000000036,34.076499999999776
1050,15.637000000000034,34.090499999999786
1051,15.647750000000036,34.123999999999775
1052,15.636750000000038,34.16924999999978
1053,15.618250000000039,34.19499999999978
1054,15.623000000000038,34.12874999999978
1055,15.646750000000038,34.17149999999978
1056,15.632000000000039,34.187999999999775
1057,15.607000000000035,34.17849999999978
1058,15.675500000000039,34.17699999999978
1059,15.704250000000037,34.19074999999978
1060,15.732250000000036,34.256249999999774
1061,15.744000000000037,34.29024999999977
1062,15.735750000000039,34.25649999999978
1063,15.776750000000035,34.33799999999978
1064,15.73275000000004,34.329249999999774
1065,15.770500000000037,34.33874999999978
1066,15.769250000000039,34.32874999999978
1067,15.745250000000038,34.35674999999978
1068,15.781500000000037,34.436499999999775
1069,15.762250000000037,34.45099999999977
1070,15.776750000000035,34.43699999999978
1071,15.755000000000036,34.45324999999978
1072,15.774750000000038,34.534749999999775
1073,15.76200000000004,34.55649999999978
1074,15.807500000000037,34.56249999999978
1075,15.837500000000036,34.58949999999978
1076,15.816500000000037,34.662749999999775
1077,15.815750000000039,34.67849999999978
1078,15.861250000000036,34.70449999999978
1079,15.820000000000036,34.64399999999978
1080,15.859000000000037,34.71349999999978
1081,15.840000000000039,34.62199999999978
1082,15.848000000000038,34.63999999999978
1083,15.850750000000037,34.69799999999978
1084,15.843500000000038,34.65074999999978
1085,15.862250000000039,34.717499999999774
1086,15.90350000000004,34.76149999999978
1087,15.913250000000039,34.81799999999978
1088,15.89600000000004,34.83124999999978
1089,15.94325000000004,34.90474999999978
1090,15.905750000000038,34.915499999999774
1091,15.926750000000041,34.94174999999977
1092,15.93275000000004,34.93874999999978
1093,15.952500000000041,34.94249999999978
1094,15.948000000000041,34.877499999999785
1095,15.95975000000004,34.972499999999776
1096,15.947250000000043,34.988499999999775
1097,15.968000000000043,35.027249999999775
1098,15.953250000000041,35.03899999999978
1099,15.94850000000004,35.07024999999978
1100,15.966250000000041,35.11449999999978
1101,15.972000000000044,35.210499999999776
1102,15.966750000000042,35.168499999999774
1103,15.98850000000004,35.165749999999775
1104,15.964750000000043,35.19799999999978
1105,15.982250000000043,35.229749999999775
1106,16.02050000000004,35.22174999999978
1107,16.024500000000042,35.33449999999978
1108,16.00650000000004,35.34574999999978
1109,16.042250000000045,35.43124999999978
1110,16.01525000000004,35.48824999999978
1111,16.040500000000044,35.55674999999978
1112,16.071750000000044,35.56074999999978
1113,16.036000000000044,35.57824999999978
1114,16.074500000000043,35.64349999999978
1115,16.078750000000042,35.66224999999977
1116,16.052500000000045,35.604999999999784
1117,16.047250000000044,35.65174999999979
1118,16.065250000000045,35.651249999999784
1119,16.09050000000004,35.57949999999978
1120,16.119500000000045,35.67299999999978
1121,16.163250000000044,35.744999999999784
1122,16.173750000000044,35.76624999999978
1123,16.142250000000043,35.80024999999978
1124,16.228250000000045,35.79749999999978
1125,16.213750000000047,35.86324999999978
1126,16.222250000000045,35.880249999999776
1127,16.222500000000046,35.91099999999978
1128,16.207500000000046,35.88499999999978
1129,16.212750000000042,35.872749999999776
1130,16.249500000000047,35.97774999999978
1131,16.202750000000048,35.94074999999978
1132,16.197000000000045,35.95849999999978
1133,16.251500000000043,35.96149999999978
1134,16.262750000000043,36.00574999999978
1135,16.228250000000045,36.02449999999978
1136,16.240000000000045,36.060249999999776
1137,16.240500000000043,36.096499999999786
1138,16.187750000000047,36.12224999999978
1139,16.24600000000005,36.221249999999785
1140,16.21475000000005,36.24549999999978
1141,16.271500000000046,36.26024999999978
1142,16.261000000000045,36.305999999999784
1143,16.230000000000047,36.30249999999978
1144,16.274500000000046,36.33249999999978
1145,16.292750000000048,36.392499999999785
1146,16.266250000000046,36.43749999999978
1147,16.300500000000046,36.52849999999979
1148,16.274000000000047,36.496749999999786
1149,16.301000000000045,36.496749999999786
1150,16.323250000000044,36.48374999999978
1151,16.328750000000046,36.48399999999978
1152,16.346500000000045,36.512749999999784
1153,16.322000000000045,36.47349999999979
1154,16.359750000000044,36.530249999999775
1155,16.33625000000005,36.52849999999979
1156,16.327250000000046,36.52824999999979
1157,16.32500000000005,36.505749999999786
1158,16.352250000000048,36.48849999999979
1159,16.347250000000045,36.51374999999978
1160,16.351500000000048,36.49249999999978
1161,16.37475000000005,36.52449999999979
1162,16.31700000000005,36.560749999999786
1163,16.33000000000005,36.60449999999978
1164,16.335750000000047,36.682499999999784
1165,16.36800000000005,36.68174999999978
1166,16.374500000000047,36.72799999999978
1167,16.365500000000047,36.769249999999786
1168,16.34600000000005,36.79599999999979
1169,16.38600000000005,36.85449999999978
1170,16.37725000000005,36.856499999999784
1171,16.36525000000005,36.97349999999979
1172,16.40750000000005,36.97249999999978
1173,16.39975000000005,37.00674999999978
1174,16.44575000000005,37.01849999999979
1175,16.47850000000005,36.96049999999978
1176,16.46950000000005,36.981749999999785
1177,16.47800000000005,36.98474999999979
1178,16.47575000000005,37.02699999999979
1179,16.464750000000052,37.02724999999979
1180,16.507250000000052,37.04124999999979
1181,16.51275000000005,37.04524999999979
1182,16.51600000000005,37.08074999999979
1183,16.544500000000053,37.10274999999979
1184,16.53825000000005,37.065249999999786
1185,16.55450000000005,37.16099999999979
1186,16.605500000000053,37.21849999999979
1187,16.55925000000005,37.26874999999979
1188,16.562750000000054,37.28799999999979
1189,16.56800000000005,37.28724999999979
1190,16.56950000000005,37.31024999999979
1191,16.598000000000052,37.35899999999979
1192,16.605250000000055,37.38299999999979
1193,16.591750000000054,37.42499999999979
1194,16.550750000000054,37.433999999999784
1195,16.557000000000052,37.41349999999979
1196,16.567500000000056,37.4414999999998
1197,16.57300000000005,37.48224999999979
1198,16.577750000000055,37.49874999999979
1199,16.564000000000057,37.571499999999794
1200,16.565000000000055,37.617749999999795
1201,16.585500000000053,37.610249999999795
1202,16.595500000000058,37.69599999999979
1203,16.614500000000056,37.654499999999786
1204,16.609500000000054,37.70949999999979
1205,16.622250000000054,37.70874999999979
1206,16.642500000000055,37.69274999999979
1207,16.636750000000053,37.73424999999979
1208,16.673000000000055,37.72424999999979
1209,16.665500000000055,37.7302499999998
1210,16.647250000000053,37.7454999999998
1211,16.705000000000055,37.848499999999795
1212,16.715750000000057,37.867499999999794
1213,16.725250000000052,37.88124999999979
1214,16.755750000000056,37.9254999999998
1215,16.731250000000056,37.893249999999796
1216,16.767500000000055,37.855999999999796
1217,16.80025000000006,37.882749999999795
1218,16.794250000000055,37.9264999999998
1219,16.757500000000054,37.9449999999998
1220,16.757750000000055,37.906499999999795
1221,16.771500000000056,37.924499999999796
1222,16.734750000000055,37.964499999999795
1223,16.743750000000055,38.0259999999998
1224,16.721250000000055,38.091249999999796
1225,16.757250000000056,38.154749999999794
1226,16.727500000000056,38.168499999999796
1227,16.713750000000058,38.1824999999998
1228,16.759500000000056,38.1734999999998
1229,16.768750000000058,38.1829999999998
1230,16.773250000000058,38.1477499999998
1231,16.765500000000056,38.1604999999998
1232,16.781750000000056,38.23649999999979
1233,16.798250000000056,38.1127499999998
1234,16.799250000000058,38.1749999999998
1235,16.818000000000062,38.1877499999998
1236,16.840750000000057,38.1957499999998
1237,16.817000000000057,38.2962499999998
1238,16.81225000000006,38.3299999999998
1239,16.80725000000006,38.3564999999998
1240,16.807500000000058,38.3497499999998
1241,16.812000000000058,38.32874999999981
1242,16.79875000000006,38.340249999999806
1243,16.81675000000006,38.3664999999998
1244,16.84275000000006,38.38374999999981
1245,16.865250000000056,38.391999999999804
1246,16.860750000000056,38.3484999999998
1247,16.90900000000006,38.389249999999805
1248,16.88450000000006,38.390999999999806
1249,16.918500000000062,38.42574999999981
1250,16.91125000000006,38.454749999999805
1251,16.930250000000058,38.38999999999981
1252,16.92725000000006,38.47374999999981
1253,16.94775000000006,38.535249999999806
1254,16.95075000000006,38.59499999999981
1255,16.960000000000065,38.64874999999981
1256,16.96125000000006,38.70524999999981
1257,17.014500000000062,38.76124999999981
1258,17.00050000000006,38.777749999999806
1259,16.97175000000006,38.77849999999981
1260,16.98825000000006,38.74424999999981
1261,17.00600000000006,38.80449999999981
1262,17.005000000000063,38.79999999999981
1263,16.993000000000062,38.874499999999806
1264,17.054000000000066,38.91999999999981
1265,17.00900000000006,38.90374999999981
1266,17.008750000000063,38.993249999999804
1267,17.010750000000062,39.06424999999981
1268,17.046500000000062,39.04424999999981
1269,17.002750000000063,39.018999999999814
1270,17.05975000000006,38.94524999999982
1271,17.037000000000063,38.97799999999982
1272,17.023250000000065,38.98124999999981
1273,17.031750000000063,38.95874999999981
1274,17.037750000000063,39.02299999999982
1275,17.032500000000063,39.08124999999981
1276,17.020500000000062,39.13774999999981
1277,17.011000000000063,39.172749999999816
1278,17.034000000000063,39.13749999999982
1279,17.079500000000063,39.190999999999825
1280,17.089750000000063,39.23149999999982
1281,17.103500000000064,39.249999999999815
1282,17.085000000000065,39.319749999999814
1283,17.057000000000066,39.31074999999982
1284,17.099500000000063,39.31549999999982
1285,17.097250000000063,39.40174999999982
1286,17.08800000000006,39.40699999999982
1287,17.122500000000063,39.482749999999825
1288,17.125750000000064,39.48049999999982
1289,17.175250000000066,39.54149999999982
1290,17.160500000000063,39.57399999999982
1291,17.162000000000063,39.546749999999825
1292,17.147750000000062,39.575249999999826
1293,17.178500000000064,39.64974999999982
1294,17.159500000000065,39.61049999999983
1295,17.185500000000065,39.705749999999824
1296,17.167000000000066,39.700249999999826
1297,17.191750000000066,39.70449999999983
1298,17.197000000000067,39.71274999999982
1299,17.206250000000065,39.73924999999983
1300,17.19225000000007,39.71749999999983
1301,17.187500000000068,39.73549999999983
1302,17.210000000000065,39.80174999999983
1303,17.224000000000064,39.869999999999834
1304,17.192500000000067,39.90474999999983
1305,17.281500000000065,39.89149999999983
1306,17.262750000000064,39.983249999999835
1307,17.290250000000064,40.010249999999836
1308,17.289250000000067,40.03349999999983
1309,17.325500000000066,40.10874999999983
1310,17.331250000000068,40.19849999999983
1311,17.340000000000067,40.24874999999984
1312,17.309500000000067,40.37224999999984
1313,17.323500000000067,40.35224999999983
1314,17.356500000000068,40.47174999999984
1315,17.386750000000067,40.45599999999983
1316,17.396500000000067,40.44549999999984
1317,17.380250000000068,40.45149999999983
1318,17.354000000000067,40.526249999999834
1319,17.368000000000066,40.617249999999835
1320,17.373500000000067,40.59649999999984
1321,17.384000000000068,40.56599999999984
1322,17.36325000000007,40.62324999999984
1323,17.37550000000007,40.66274999999984
1324,17.373250000000066,40.684499999999844
1325,17.36050000000007,40.63924999999984
1326,17.390000000000068,40.70999999999984
1327,17.414000000000065,40.71674999999985
1328,17.404000000000067,40.71099999999984
1329,17.418750000000067,40.75774999999985
1330,17.432250000000067,40.81499999999985
1331,17.44575000000007,40.89949999999985
1332,17.458500000000072,40.95674999999985
1333,17.46825000000007,40.971749999999844
1334,17.44325000000007,41.00249999999985
1335,17.46175000000007,40.95974999999985
1336,17.423250000000067,40.96049999999985
1337,17.47300000000007,41.00249999999985
1338,17.42600000000007,41.02674999999985
1339,17.466500000000067,41.06249999999986
1340,17.49425000000007,41.043749999999854
1341,17.512500000000067,41.03999999999986
1342,17.50525000000007,41.076499999999854
1343,17.45075000000007,41.095499999999845
1344,17.46575000000007,41.113499999999846
1345,17.50050000000007,41.134749999999855
1346,17.536500000000068,41.20774999999985
1347,17.554000000000073,41.18724999999986
1348,17.552500000000073,41.174999999999855
1349,17.59675000000007,41.25624999999985
1350,17.60500000000007,41.23099999999986
1351,17.602250000000073,41.26024999999985
1352,17.631500000000074,41.27224999999986
1353,17.636750000000074,41.28124999999986
1354,17.622500000000073,41.280749999999856
1355,17.61425000000007,41.34349999999986
1356,17.629500000000075,41.35899999999985
1357,17.62050000000007,41.34324999999986
1358,17.58550000000007,41.331249999999855
1359,17.605250000000073,41.318249999999864
1360,17.62300000000007,41.29349999999986
1361,17.621250000000074,41.28349999999986
1362,17.600750000000073,41.328749999999864
1363,17.661500000000075,41.33374999999985
1364,17.622000000000074,41.40574999999986
1365,17.697500000000076,41.40849999999986
1366,17.693500000000075,41.50724999999986
1367,17.722250000000074,41.51274999999986
1368,17.731000000000073,41.51974999999986
1369,17.73075000000007,41.55449999999986
1370,17.728750000000076,41.60624999999986
1371,17.734750000000076,41.697249999999855
1372,17.768250000000076,41.73399999999987
1373,17.759000000000075,41.75524999999987
1374,17.809250000000073,41.78724999999986
1375,17.811500000000077,41.86099999999987
1376,17.816000000000077,41.800499999999865
1377,17.802250000000075,41.85349999999987
1378,17.767000000000074,41.92074999999987
1379,17.818250000000074,41.91899999999987
1380,17.805500000000073,41.91274999999987
1381,17.824250000000074,41.91249999999987
1382,17.798250000000074,41.86624999999987
1383,17.807000000000077,41.887249999999874
1384,17.812500000000078,41.934999999999874
1385,17.846500000000077,41.93449999999988
1386,17.884750000000075,41.929249999999875
1387,17.896250000000077,42.00324999999987
1388,17.908250000000077,42.06074999999988
1389,17.87875000000008,42.06299999999987
1390,17.921750000000074,42.05024999999987
1391,17.892000000000078,42.07074999999988
1392,17.911750000000076,42.03599999999987
1393,17.92500000000008,42.11449999999987
1394,17.874000000000077,42.20374999999987
1395,17.89700000000008,42.24949999999987
1396,17.900250000000078,42.253749999999876
1397,17.903250000000078,42.27624999999987
1398,17.87175000000008,42.30974999999987
1399,17.866750000000078,42.324749999999874
1400,17.86075000000008,42.38999999999987
1401,17.884750000000075,42.42649999999989
1402,17.912750000000077,42.472999999999885
1403,17.90475000000008,42.48074999999988
1404,17.908500000000075,42.49274999999989
1405,17.92450000000008,42.52474999999988
1406,17.95725000000008,42.541249999999884
1407,18.033500000000075,42.62399999999989
1408,18.02475000000008,42.57474999999989
1409,18.01675000000008,42.61124999999989
1410,18.021500000000078,42.61924999999988
1411,18.061750000000078,42.72324999999988
1412,18.086250000000078,42.78899999999989
1413,18.05250000000008,42.83974999999989
1414,18.06875000000008,42.974249999999884
1415,18.071250000000077,42.94649999999989
1416,18.058250000000083,42.89924999999988
1417,18.10150000000008,42.96074999999989
1418,18.10175000000008,42.93999999999989
1419,18.09125000000008,42.971499999999885
1420,18.06800000000008,43.0602499999999
1421,18.11650000000008,43.058499999999896
1422,18.11300000000008,43.122249999999894
1423,18.123000000000083,43.0519999999999
1424,18.143000000000082,43.11499999999989
1425,18.16025000000008,43.2019999999999
1426,18.15300000000008,43.16624999999989
1427,18.132000000000083,43.19774999999991
1428,18.18225000000008,43.23249999999989
1429,18.179500000000083,43.32799999999989
1430,18.202000000000083,43.2932499999999
1431,18.218000000000085,43.3627499999999
1432,18.250250000000083,43.4484999999999
1433,18.20000000000008,43.4364999999999
1434,18.199000000000083,43.4757499999999
1435,18.228500000000082,43.5092499999999
1436,18.20150000000008,43.54249999999991
1437,18.221750000000085,43.549749999999904
1438,18.242750000000086,43.58874999999991
1439,18.256000000000085,43.626999999999896
1440,18.257500000000082,43.63624999999991
1441,18.27600000000008,43.671999999999905
1442,18.30475000000008,43.743749999999906
1443,18.26225000000008,43.78874999999991
1444,18.29900000000008,43.829999999999906
1445,18.269750000000084,43.866749999999904
1446,18.236000000000082,43.833999999999904
1447,18.270250000000086,43.8617499999999
1448,18.280000000000083,43.86424999999991
1449,18.25150000000008,43.833499999999916
1450,18.252250000000085,43.85924999999992
1451,18.260750000000083,43.90849999999991
1452,18.293750000000088,44.00524999999991
1453,18.323500000000084,43.95949999999991
1454,18.296250000000086,43.95724999999991
1455,18.33025000000008,43.915249999999915
1456,18.318250000000084,43.90149999999992
1457,18.291500000000088,43.92449999999992
1458,18.337250000000086,43.95574999999992
1459,18.321250000000088,44.01799999999992
1460,18.379000000000087,44.050999999999924
1461,18.377250000000085,44.05999999999992
1462,18.418750000000088,44.10374999999992
1463,18.406250000000085,44.147499999999916
1464,18.370250000000084,44.232749999999925
1465,18.42400000000009,44.248749999999916
1466,18.42475000000009,44.30574999999992
1467,18.41900000000009,44.318249999999914
1468,18.391000000000087,44.39574999999993
1469,18.414000000000087,44.47174999999992
1470,18.42325000000009,44.48074999999994
1471,18.421750000000088,44.466999999999935
1472,18.408500000000092,44.46799999999992
1473,18.43350000000009,44.50224999999993
1474,18.461250000000092,44.48724999999993
1475,18.47950000000009,44.47649999999993
1476,18.49000000000009,44.498999999999924
1477,18.485000000000092,44.526499999999935
1478,18.47975000000009,44.528249999999936
1479,18.50800000000009,44.49524999999992
1480,18.545000000000094,44.44474999999993
1481,18.549250000000093,44.50974999999993
1482,18.56000000000009,44.52849999999993
1483,18.575750000000095,44.563749999999935
1484,18.555750000000092,44.597499999999926
1485,18.549000000000095,44.58549999999993
1486,18.546000000000095,44.63749999999994
1487,18.577000000000094,44.687499999999936
1488,18.556000000000093,44.68749999999994
1489,18.569250000000096,44.68199999999993
1490,18.580500000000097,44.678999999999945
1491,18.602500000000095,44.67474999999994
1492,18.651000000000096,44.66749999999993
1493,18.643000000000097,44.76199999999994
1494,18.627500000000097,44.76049999999994
1495,18.674000000000095,44.87099999999993
1496,18.652250000000095,44.86474999999994
1497,18.642250000000093,44.93849999999994
1498,18.632500000000096,44.98449999999993
1499,18.651750000000096,45.07049999999994
1500,18.674500000000094,45.061249999999944
1501,18.659000000000102,45.050499999999936
1502,18.674250000000097,45.09274999999994
1503,18.684250000000098,45.11824999999995
1504,18.7192500000001,45.171249999999944
1505,18.7580000000001,45.110749999999946
1506,18.7205000000001,45.101749999999946
1507,18.7372500000001,45.14549999999995
1508,18.7192500000001,45.14599999999995
1509,18.7307500000001,45.14449999999995
1510,18.7507500000001,45.23474999999995
1511,18.749500000000104,45.20499999999995
1512,18.788000000000103,45.23949999999994
1513,18.727000000000103,45.21974999999995
1514,18.7485000000001,45.27899999999996
1515,18.770750000000103,45.278749999999945
1516,18.8062500000001,45.33749999999995
1517,18.8270000000001,45.32774999999996
1518,18.852500000000106,45.39749999999995
1519,18.815750000000104,45.41099999999996
1520,18.789250000000106,45.42874999999995
1521,18.828500000000105,45.45349999999995
1522,18.828750000000106,45.50449999999995
1523,18.809750000000108,45.53324999999995
1524,18.833250000000106,45.63349999999995
1525,18.856250000000106,45.638249999999964
1526,18.853000000000108,45.68274999999996
1527,18.834750000000103,45.65849999999996
1528,18.875250000000104,45.63299999999995
1529,18.894750000000105,45.70274999999996
1530,18.929250000000106,45.75799999999995
1531,18.908750000000104,45.78024999999996
1532,18.94100000000011,45.794249999999955
1533,18.945000000000107,45.749249999999954
1534,18.89625000000011,45.779249999999955
1535,18.90450000000011,45.83524999999996
1536,18.896000000000107,45.78249999999996
1537,18.89525000000011,45.77749999999996
1538,18.91275000000011,45.764999999999965
1539,18.940000000000108,45.72124999999996
1540,18.94650000000011,45.709749999999964
1541,18.947250000000114,45.685999999999964
1542,18.92025000000011,45.72999999999996
1543,18.943000000000108,45.74349999999997
1544,18.93650000000011,45.71249999999996
1545,18.94900000000011,45.80899999999997
1546,18.95275000000011,45.85649999999997
1547,18.97900000000011,45.895999999999965
1548,18.996500000000108,46.005999999999965
1549,18.941750000000113,45.97499999999997
1550,18.930500000000112,45.98574999999997
1551,18.97225000000011,46.05574999999997
1552,18.97275000000011,46.135999999999974
1553,18.967250000000114,46.158499999999975
1554,18.973000000000113,46.20824999999997
1555,18.981250000000113,46.22774999999998
1556,19.006000000000114,46.25074999999997
1557,18.986250000000112,46.283249999999974
1558,19.00825000000011,46.26124999999998
1559,19.014750000000113,46.32474999999997
1560,19.021250000000112,46.38449999999998
1561,19.047000000000114,46.342249999999986
1562,19.032500000000113,46.44449999999998
1563,19.040750000000116,46.44649999999998
1564,19.041500000000113,46.48124999999998
1565,19.029250000000115,46.57699999999998
1566,19.038750000000114,46.543249999999986
1567,19.061750000000114,46.51424999999998
1568,19.034250000000114,46.54374999999998
1569,19.003250000000115,46.54149999999998
1570,18.985250000000118,46.55099999999999
1571,19.006000000000114,46.548749999999984
1572,18.988000000000117,46.65674999999998
1573,19.006250000000115,46.60499999999998
1574,19.070750000000114,46.66574999999999
1575,19.052000000000113,46.705499999999994
1576,19.038500000000113,46.710499999999996
1577,19.022500000000115,46.76874999999999
1578,19.044250000000112,46.77949999999999
1579,19.022250000000117,46.74949999999999
1580,19.016250000000117,46.79524999999999
1581,19.020000000000113,46.841499999999996
1582,19.023000000000117,46.835999999999984
1583,19.032000000000117,46.87624999999999
1584,19.02775000000012,46.824
1585,19.054250000000117,46.86124999999999
1586,19.074000000000115,46.9155
1587,19.040750000000116,46.94625
1588,19.09275000000012,47.015
1589,19.097750000000122,46.97075000000001
1590,19.11275000000012,47.00325
1591,19.147750000000123,47.049499999999995
1592,19.170500000000118,47.0845
1593,19.131250000000122,47.046749999999996
1594,19.19350000000012,47.07825
1595,19.13175000000012,47.131
1596,19.16200000000012,47.23875
1597,19.17925000000012,47.16625000000001
1598,19.18125000000012,47.192750000000004
1599,19.19300000000012,47.17575000000001
1600,19.199000000000122,47.172750000000015
1601,19.21450000000012,47.226000000000006
1602,19.17200000000012,47.251250000000006
1603,19.145250000000125,47.32325000000001
1604,19.168500000000122,47.36625000000001
1605,19.204250000000126,47.38550000000001
1606,19.18225000000012,47.43975000000001
1607,19.207500000000124,47.45425000000001
1608,19.210500000000124,47.51625000000002
1609,19.220750000000123,47.49325000000001
1610,19.180000000000124,47.47350000000002
1611,19.204500000000124,47.44675000000001
1612,19.223000000000123,47.437750000000015
1613,19.197250000000125,47.45450000000002
1614,19.202750000000123,47.48225000000002
1615,19.244750000000124,47.50725000000002
1616,19.283750000000126,47.58400000000002
1617,19.287250000000128,47.56975000000002
1618,19.307250000000128,47.57600000000002
1619,19.319500000000126,47.59025000000001
1620,19.297500000000127,47.58250000000002
1621,19.336250000000128,47.606250000000024
1622,19.341250000000127,47.65300000000003
1623,19.321500000000125,47.697000000000024
1624,19.303500000000128,47.76775000000002
1625,19.317750000000128,47.667250000000024
1626,19.32450000000013,47.79000000000003
1627,19.303250000000126,47.769000000000034
1628,19.29725000000013,47.78400000000002
1629,19.33200000000013,47.87600000000003
1630,19.34200000000013,47.90950000000002
1631,19.33200000000013,47.894000000000034
1632,19.339250000000128,47.831250000000026
1633,19.33175000000013,47.85625000000004
1634,19.37100000000013,47.92075000000004
1635,19.35175000000013,47.94100000000004
1636,19.35975000000013,48.016750000000044
1637,19.35200000000013,47.99200000000005
1638,19.36450000000013,47.97250000000004
1639,19.37700000000013,47.96575000000004
1640,19.326750000000132,48.00425000000005
1641,19.37575000000013,48.02875000000004
1642,19.366750000000135,48.06800000000005
1643,19.320750000000135,48.06825000000004
1644,19.352500000000134,48.09650000000005
1645,19.309500000000135,48.15775000000005
1646,19.329000000000136,48.21975000000005
1647,19.332000000000136,48.23275000000005
1648,19.387250000000137,48.32825000000005
1649,19.36900000000013,48.26425000000005
1650,19.40025000000013,48.309000000000054
1651,19.433000000000135,48.304750000000055
1652,19.439250000000136,48.26900000000005
1653,19.488250000000136,48.33850000000006
1654,19.490250000000138,48.377500000000055
1655,19.47150000000014,48.36725000000005
1656,19.464750000000137,48.351000000000056
1657,19.466750000000136,48.37100000000005
1658,19.454250000000137,48.411750000000055
1659,19.449250000000138,48.51550000000006
1660,19.468250000000136,48.545500000000054
1661,19.514500000000133,48.53525000000005
1662,19.513250000000138,48.534250000000064
1663,19.510250000000138,48.55525000000006
1664,19.49075000000014,48.63175000000007
1665,19.489250000000137,48.67525000000006
1666,19.48325000000014,48.72575000000006
1667,19.524250000000137,48.781000000000056
1668,19.540750000000138,48.80325000000006
1669,19.54775000000014,48.84475000000006
1670,19.51575000000014,48.933750000000074
1671,19.51625000000014,48.91600000000007
1672,19.51750000000014,48.99025000000007
1673,19.50025000000014,49.07425000000006
1674,19.505500000000144,49.05025000000007
1675,19.53200000000014,49.08500000000007
1676,19.57425000000014,49.10725000000008
1677,19.55600000000014,49.13125000000008
1678,19.593750000000146,49.18800000000007
1679,19.566250000000146,49.191750000000084
1680,19.590000000000146,49.18150000000008
1681,19.592000000000144,49.23050000000008
1682,19.61150000000014,49.230000000000075
1683,19.598500000000143,49.213000000000086
1684,19.616000000000145,49.26575000000008
1685,19.657250000000147,49.36625000000008
1686,19.652750000000143,49.48425000000008
1687,19.691250000000146,49.504250000000084
1688,19.662750000000145,49.56700000000009
1689,19.681750000000143,49.63825000000009
1690,19.650750000000144,49.6422500000001
1691,19.672000000000143,49.690500000000085
1692,19.651500000000148,49.74025000000009
1693,19.655000000000147,49.69500000000009
1694,19.662250000000146,49.7360000000001
1695,19.690500000000142,49.6840000000001
1696,19.675250000000148,49.746000000000095
1697,19.66500000000015,49.80125000000009
1698,19.717750000000148,49.757750000000094
1699,19.72600000000015,49.746000000000095
1700,19.73500000000015,49.7607500000001
1701,19.75450000000015,49.8200000000001
1702,19.748250000000148,49.853500000000096
1703,19.735750000000152,49.8705000000001
1704,19.79225000000015,49.92500000000011
1705,19.76525000000015,50.0087500000001
1706,19.764500000000147,50.060500000000104
1707,19.79700000000015,50.081500000000105
1708,19.812250000000148,50.1555000000001
1709,19.79775000000015,50.1920000000001
1710,19.80225000000015,50.2622500000001
1711,19.80150000000015,50.25250000000011
1712,19.809500000000156,50.294250000000105
1713,19.837000000000153,50.28125000000011
1714,19.85275000000015,50.2372500000001
1715,19.83800000000015,50.23175000000011
1716,19.851500000000154,50.18700000000012
1717,19.82550000000015,50.18725000000011
1718,19.80775000000015,50.12125000000011
1719,19.80525000000015,50.16500000000012
1720,19.822250000000153,50.16650000000013
1721,19.781250000000156,50.21925000000012
1722,19.795500000000157,50.258750000000106
1723,19.845750000000155,50.32450000000013
1724,19.845250000000153,50.417250000000124
1725,19.828500000000155,50.39775000000012
1726,19.826500000000152,50.396500000000124
1727,19.811500000000155,50.43875000000013
1728,19.816000000000155,50.43750000000013
1729,19.842250000000156,50.449000000000126
1730,19.802500000000155,50.46150000000012
1731,19.819250000000157,50.47850000000013
1732,19.839000000000155,50.52375000000013
1733,19.842000000000155,50.55650000000012
1734,19.830000000000155,50.59600000000013
1735,19.820250000000158,50.585250000000144
1736,19.852250000000158,50.71200000000013
1737,19.867500000000156,50.71650000000013
1738,19.861500000000156,50.714250000000135
1739,19.90750000000016,50.74375000000013
1740,19.887250000000158,50.71175000000014
1741,19.943000000000158,50.710000000000136
1742,19.906750000000155,50.725250000000145
1743,19.943000000000158,50.76700000000014
1744,19.94550000000016,50.791750000000135
1745,19.927000000000156,50.80425000000014
1746,19.948000000000157,50.77050000000014
1747,19.97150000000016,50.83025000000014
1748,19.949500000000157,50.88100000000014
1749,19.95325000000016,50.89125000000015
1750,20.00400000000016,50.885500000000135
1751,19.983250000000158,50.82725000000015
1752,20.035250000000158,50.84375000000014
1753,20.03300000000016,50.84475000000015
1754,20.07850000000016,50.93100000000015
1755,20.036250000000162,50.88900000000015
1756,20.06400000000016,50.90150000000015
1757,20.094750000000158,51.00800000000016
1758,20.07675000000016,51.033500000000146
1759,20.106500000000164,51.062500000000156
1760,20.060500000000165,51.06025000000016
1761,20.060000000000162,51.10200000000015
1762,20.01750000000016,51.17450000000015
1763,20.021250000000165,51.26075000000015
1764,20.035000000000164,51.179500000000154
1765,20.043000000000166,51.17750000000015
1766,20.089250000000163,51.12700000000016
1767,20.085000000000164,51.14200000000016
1768,20.098500000000165,51.152000000000164
1769,20.094750000000168,51.21050000000016
1770,20.121750000000162,51.231750000000154
1771,20.109000000000165,51.30350000000017
1772,20.157000000000163,51.320500000000166
1773,20.105500000000163,51.27000000000017
1774,20.09850000000016,51.38075000000017
1775,20.104000000000166,51.33325000000017
1776,20.12725000000016,51.34875000000017
1777,20.151500000000162,51.32425000000018
1778,20.16850000000016,51.29450000000017
1779,20.18025000000016,51.29825000000017
1780,20.224000000000164,51.262250000000165
1781,20.23575000000016,51.27975000000017
1782,20.244500000000162,51.37350000000017
1783,20.232750000000163,51.466000000000165
1784,20.310000000000162,51.478500000000174
1785,20.281750000000162,51.517250000000175
1786,20.28225000000016,51.57050000000017
1787,20.28975000000016,51.57225000000019
1788,20.275750000000162,51.59425000000017
1789,20.31550000000016,51.60625000000018
1790,20.25675000000016,51.61725000000018
1791,20.26425000000016,51.64200000000018
1792,20.328750000000163,51.695000000000185
1793,20.296250000000164,51.721750000000185
1794,20.320500000000163,51.733500000000184
1795,20.31500000000016,51.80750000000018
1796,20.36175000000016,51.81200000000019
1797,20.338500000000163,51.849000000000196
1798,20.39775000000016,51.90875000000019
1799,20.401000000000163,51.87200000000019
1800,20.347750000000165,51.92450000000019
1801,20.376250000000162,51.97975000000019
1802,20.391500000000164,52.018500000000195
1803,20.38625000000016,51.9312500000002
1804,20.37525000000016,51.99700000000019
1805,20.36000000000016,52.07300000000019
1806,20.362750000000162,52.0475000000002
1807,20.365000000000165,52.095250000000206
1808,20.405750000000165,52.12825000000021
1809,20.39450000000016,52.1267500000002
1810,20.441750000000162,52.12625000000021
1811,20.41975000000016,52.11800000000021
1812,20.41575000000016,52.1347500000002
1813,20.37300000000016,52.10400000000021
1814,20.383000000000163,52.10875000000022
1815,20.440000000000158,52.1400000000002
1816,20.40025000000016,52.15100000000021
1817,20.38425000000016,52.295750000000204
1818,20.43225000000016,52.317500000000216
1819,20.398750000000163,52.32100000000021
1820,20.39875000000016,52.32425000000021
1821,20.408750000000165,52.37625000000022
1822,20.43025000000016,52.42925000000021
1823,20.39650000000016,52.46125000000022
1824,20.42250000000016,52.45400000000022
1825,20.44250000000016,52.44675000000023
1826,20.465500000000162,52.45675000000023
1827,20.440000000000165,52.41650000000023
1828,20.477500000000163,52.51475000000022
1829,20.48525000000016,52.538500000000234
1830,20.443750000000165,52.58050000000023
1831,20.471750000000167,52.633250000000224
1832,20.448500000000163,52.672000000000224
1833,20.421250000000164,52.75450000000023
1834,20.432750000000162,52.757500000000235
1835,20.441000000000162,52.78975000000024
1836,20.44300000000016,52.873500000000234
1837,20.47525000000016,52.878250000000236
1838,20.52000000000016,52.89475000000024
1839,20.51850000000016,52.898750000000234
1840,20.519000000000162,52.95750000000024
1841,20.54075000000016,52.90925000000024
1842,20.52550000000016,52.88075000000024
1843,20.530500000000156,52.87925000000025
1844,20.53675000000016,52.923250000000245
1845,20.52975000000016,52.96000000000024
1846,20.59000000000016,52.94375000000026
1847,20.56050000000016,52.92425000000025
1848,20.59025000000016,52.987750000000254
1849,20.60650000000016,53.020750000000255
1850,20.609500000000157,53.05325000000026
1851,20.620750000000157,53.06500000000025
1852,20.64900000000016,52.99150000000025
1853,20.661750000000158,53.116000000000255
1854,20.695250000000154,53.11975000000025
1855,20.672750000000157,53.069750000000255
1856,20.680500000000155,53.14475000000026
1857,20.680750000000156,53.17050000000026
1858,20.696500000000157,53.24225000000026
1859,20.73725000000016,53.22100000000026
1860,20.75350000000016,53.24400000000027
1861,20.764000000000156,53.25650000000026
1862,20.75225000000016,53.27275000000026
1863,20.74750000000016,53.359500000000274
1864,20.753750000000153,53.37600000000027
1865,20.727750000000157,53.35050000000027
1866,20.732000000000156,53.44725000000027
1867,20.73725000000016,53.495000000000275
1868,20.711750000000155,53.51500000000027
1869,20.732000000000156,53.62200000000028
1870,20.738250000000157,53.697250000000274
1871,20.738750000000156,53.74475000000027
1872,20.746750000000155,53.727500000000276
1873,20.773500000000148,53.73650000000028
1874,20.786500000000157,53.734500000000274
1875,20.78600000000015,53.752500000000275
1876,20.783750000000154,53.81700000000028
1877,20.80700000000015,53.843750000000284
1878,20.811750000000153,53.80100000000028
1879,20.78675000000015,53.82125000000029
1880,20.770500000000155,53.816500000000275
1881,20.78150000000015,53.85800000000028
1882,20.798000000000158,53.91275000000028
1883,20.746500000000154,53.88200000000028
1884,20.785750000000153,53.93250000000029
1885,20.851250000000153,53.911250000000294
1886,20.81850000000015,53.87200000000029
1887,20.79800000000015,53.96650000000029
1888,20.834000000000152,53.986750000000285
1889,20.836250000000156,54.02075000000029
1890,20.85150000000015,53.99325000000029
1891,20.811500000000155,54.05200000000029
1892,20.825000000000156,54.0530000000003
1893,20.815500000000156,54.0605000000003
1894,20.859750000000158,54.131500000000294
1895,20.87150000000015,54.1995000000003
1896,20.902000000000154,54.2105000000003
1897,20.872750000000153,54.2450000000003
1898,20.920000000000154,54.2417500000003
1899,20.942500000000155,54.27750000000031
1900,20.94525000000015,54.33875000000031
1901,20.936000000000153,54.4045000000003
1902,20.961000000000155,54.367000000000296
1903,20.95000000000015,54.34875000000031
1904,20.95975000000015,54.30550000000031
1905,20.931500000000153,54.35025000000031
1906,20.92350000000015,54.35675000000031
1907,20.95050000000015,54.396000000000306
1908,20.96225000000015,54.474000000000316
1909,20.963750000000154,54.47725000000031
1910,20.978000000000147,54.46975000000031
1911,20.947750000000152,54.50700000000032
1912,20.98200000000015,54.509500000000315
1913,20.968500000000144,54.52175000000032
1914,20.97100000000015,54.579750000000324
1915,21.003000000000146,54.57450000000031
1916,21.063000000000148,54.600250000000315
1917,21.077750000000147,54.663000000000324
1918,21.064500000000145,54.705250000000326
1919,21.079250000000147,54.745250000000325
1920,21.042500000000143,54.69875000000033
1921,21.08025000000014,54.743750000000325
1922,21.093000000000142,54.751250000000326
1923,21.10550000000014,54.74275000000032
1924,21.11500000000014,54.809500000000334
1925,21.081250000000136,54.80100000000033
1926,21.10250000000014,54.81325000000034
1927,21.080750000000133,54.876750000000335
1928,21.093750000000135,54.81875000000033
1929,21.111750000000132,54.86825000000034
1930,21.120000000000136,54.90650000000034
1931,21.172000000000136,54.91950000000033
1932,21.14100000000014,54.842500000000335
1933,21.142500000000137,54.84525000000034
1934,21.129000000000136,54.87575000000034
1935,21.116750000000135,54.902500000000344
1936,21.149250000000134,54.87350000000034
1937,21.175000000000132,54.889500000000346
1938,21.16925000000013,54.92300000000035
1939,21.192500000000127,54.93700000000035
1940,21.169000000000132,54.96025000000035
1941,21.11425000000013,54.97050000000036
1942,21.13600000000013,55.022000000000354
1943,21.16925000000013,55.04900000000035
1944,21.181000000000125,55.03250000000035
1945,21.15650000000013,55.01925000000035
1946,21.170250000000127,55.067500000000344
1947,21.180500000000123,55.122000000000355
1948,21.189000000000124,55.14350000000035
1949,21.20950000000012,55.13975000000035
1950,21.206500000000123,55.16250000000036
1951,21.24000000000012,55.22275000000036
1952,21.21400000000012,55.261750000000355
1953,21.24200000000012,55.27125000000034
1954,21.246250000000117,55.29575000000035
1955,21.235750000000117,55.29800000000036
1956,21.232750000000113,55.316000000000365
1957,21.238500000000116,55.433500000000365
1958,21.229250000000114,55.535000000000366
1959,21.21975000000011,55.530750000000374
1960,21.22350000000011,55.54025000000037
1961,21.28225000000011,55.53900000000037
1962,21.304750000000112,55.484250000000365
1963,21.306000000000108,55.49400000000037
1964,21.31075000000011,55.596000000000366
1965,21.34400000000011,55.64975000000037
1966,21.34925000000011,55.70050000000037
1967,21.329250000000112,55.73250000000037
1968,21.30500000000011,55.76075000000037
1969,21.34400000000011,55.792250000000365
1970,21.332250000000105,55.85050000000037
1971,21.347000000000104,55.925250000000375
1972,21.348500000000104,55.967500000000385
1973,21.404750000000103,55.96825000000038
1974,21.319250000000107,56.03950000000038
1975,21.36600000000011,56.034000000000376
1976,21.378750000000103,56.022500000000385
1977,21.3812500000001,56.10900000000038
1978,21.3862500000001,56.131000000000384
1979,21.3997500000001,56.110250000000384
1980,21.426750000000098,56.14725000000038
1981,21.4457500000001,56.0940000000004
1982,21.4455000000001,56.16725000000039
1983,21.409500000000097,56.171250000000384
1984,21.416750000000093,56.1890000000004
1985,21.427500000000094,56.1310000000004
1986,21.417000000000094,56.1322500000004
1987,21.395250000000097,56.175250000000396
1988,21.410000000000093,56.2275000000004
1989,21.44025000000009,56.2050000000004
1990,21.457750000000093,56.215750000000405
1991,21.47650000000009,56.26225000000041
1992,21.472750000000087,56.245500000000405
1993,21.46600000000009,56.27950000000041
1994,21.449250000000088,56.257000000000396
1995,21.47175000000009,56.3057500000004
1996,21.446250000000088,56.3250000000004
1997,21.460500000000085,56.31550000000041
1998,21.485500000000084,56.370750000000406
1999,21.48125000000008,56.45125000000041
